id;identifier;birth_date;qualification;gender;experience;phone_number;address;type;note
1;pfft blah;2025-06-23;debit;MALE;20376;average boo;tidy gee pish;crushing;flight bourgeoisie ham
2;chunder;2025-06-23;scoff fine until;FEMALE;16254;familiarize;until eek detective;yippee miserably;federate
3;rapidly;2025-06-23;shakily;MALE;27436;gosh acknowledge weird;facilitate;spectacles once;finally till
4;twine lest;2025-06-23;before;FEMALE;24702;tomorrow although;grubby;responsibility likewise;gosh phew
5;trained up vicinity;2025-06-23;straight;MALE;5977;dual farmer corporation;lazily purple infamous;emphasise since;yum and whose
6;provided too;2025-06-23;emotional;MALE;32611;nippy polite;when ugh;unfortunately shinny;now
7;blah following mythology;2025-06-23;scarily loose arrogantly;MALE;16067;weakly;monthly;farmer content concerning;recovery although
8;wherever;2025-06-23;scratch;MALE;17543;gray;gadzooks as gadzooks;ew;symbolise
9;on daintily;2025-06-23;willfully characterization of;MALE;15869;into slather;yum qua;lest softly;aside stunning
10;haul tight creamy;2025-06-23;woot grade phooey;MALE;7426;indeed effector woot;commonly;courteous underneath helplessly;volunteer minister jagged
