id;identifier;birth_date;gender;phone_number;address;type;note
1;around;2025-06-23;MALE;unimportant bare;mooch gosh;maintainer how;gah
2;debut fiercely yearn;2025-06-23;MALE;unfurl;blissfully;soon aha;formation powerless community
3;experience near sternly;2025-06-23;FEMALE;moor gah meh;eventually especially overdue;rotating;ha usefully zen
4;failing;2025-06-23;MALE;provision save;democratize remark;another slowly drat;gladly far
5;pupil wholly pace;2025-06-23;MALE;or;keenly;ah interestingly;from circulate
6;obediently how;2025-06-23;MALE;till on woot;fondly;ack convalesce;duffel
7;acceptable middle;2025-06-23;FEMALE;gosh;haircut;never seldom;and inside coast
8;to;2025-06-23;FEMALE;aw ha;yippee next;dirty an but;boo optimistically worldly
9;phew;2025-06-23;MALE;diver for fooey;ack;drag;obnoxiously hmph
10;inasmuch nor off;2025-06-23;MALE;about whether;ashamed appliance however;mean boiling;yahoo of
