id;identifier;birth_date;gender;nationality;phone_number;address;note
1;duh nephew broken;2025-06-23;FEMALE;inside mousse;unless;at;serpentine
2;huzzah antique gratefully;2025-06-23;FEMALE;agitated though zowie;woot ha versus;under innocently pfft;woot
3;first;2025-06-23;FEMALE;slime;overspend grubby;for;tabletop translation linseed
4;whereas vivaciously across;2025-06-23;FEMALE;since deafening;forenenst if unripe;gosh;arcade sesame
5;battle besides;2025-06-23;MALE;rebuild sans;and pace;bustling;apud
6;through mmm naturally;2025-06-23;MALE;casket;baggy;while;knit
7;rosin;2025-06-23;FEMALE;valuable down;sizzling chapel luck;aw rarely back;embarrassment bolster deliberately
8;sympathetically whereas aboard;2025-06-23;FEMALE;of leap readies;consequently whoa;circa eyebrow rationale;boo save
9;reiterate into;2025-06-23;FEMALE;incidentally;uh-huh circa roughly;opposite upliftingly rightfully;seal
10;oddly;2025-06-23;FEMALE;gadzooks showboat sadly;offensively stingy heavily;wearily;meh
